{"cameraMode":{"drawMode":0,"name":"Shaded","section":"Shading Mode"},"sceneLighting":false,"audioPlay":false,"sceneViewState":{"showFog":true,"showMaterialUpdate":true,"showSkybox":false,"showFlares":true,"showImageEffects":true,"showParticleSystems":true},"in2DMode":false,"pivot":{"x":-0.09065079689025879,"y":0.7864810228347778,"z":-0.04920315742492676},"rotation":{"x":0.15511824190616609,"y":0.6797782778739929,"z":-0.1504473090171814,"w":0.7008668780326843},"size":1.2309625148773194,"orthographic":false}