{"cameraMode":{"drawMode":0,"name":"Shaded","section":"Shading Mode"},"sceneLighting":false,"audioPlay":false,"sceneViewState":{"showFog":true,"showMaterialUpdate":true,"showSkybox":false,"showFlares":true,"showImageEffects":true,"showParticleSystems":true},"in2DMode":false,"pivot":{"x":44.91024398803711,"y":19.04599952697754,"z":109.16159057617188},"rotation":{"x":-0.14060930907726289,"y":-0.8071764707565308,"z":0.21326591074466706,"w":-0.5321812629699707},"size":0.8325791954994202,"orthographic":false}