{"cameraMode":{"drawMode":0,"name":"Shaded","section":"Shading Mode"},"sceneLighting":false,"audioPlay":false,"sceneViewState":{"showFog":true,"showMaterialUpdate":true,"showSkybox":true,"showFlares":true,"showImageEffects":true,"showParticleSystems":true},"in2DMode":false,"pivot":{"x":137.73001098632813,"y":20.18000030517578,"z":201.760009765625},"rotation":{"x":-0.00045145981130190194,"y":0.9984150528907776,"z":-0.05577927455306053,"w":-0.00813013594597578},"size":5.978086948394775,"orthographic":false}